Id,Title,Amount,Month,Type
11111111-0000-0000-0000-000000000001,Salary,32000.00,1,Income
11111111-0000-0000-0000-000000000002,Rent,9500.00,1,Expense
11111111-0000-0000-0000-000000000003,Dining out,2800.00,1,Expense
11111111-0000-0000-0000-000000000004,Salary,8900.00,2,Income
11111111-0000-0000-0000-000000000006,Freelance,45000.00,2,Income
11111111-0000-0000-0000-000000000007,Internet,399.00,3,Expense
11111111-0000-0000-0000-000000000008,Side project,3200.00,3,Income
11111111-0000-0000-0000-000000000009,Gym,450.00,3,Expense
11111111-0000-0000-0000-000000000010,Dining out,1250.00,3,Expense
